Datetime,Water Level (m)
2025-04-23 18:00:00,0.3810994
2025-04-23 19:00:00,0.5200891
2025-04-23 20:00:00,0.5837768
2025-04-23 21:00:00,0.54036015
2025-04-23 22:00:00,0.42134705
2025-04-23 23:00:00,0.2802586
2025-04-24 00:00:00,0.13207552
2025-04-24 01:00:00,-0.020744838
2025-04-24 02:00:00,-0.15335393
2025-04-24 03:00:00,-0.20581101
2025-04-24 04:00:00,-0.14483126
2025-04-24 05:00:00,0.023374297
2025-04-24 06:00:00,0.21882282
2025-04-24 07:00:00,0.38471195
2025-04-24 08:00:00,0.49713987
2025-04-24 09:00:00,0.5193786
2025-04-24 10:00:00,0.4537456
2025-04-24 11:00:00,0.33907834
2025-04-24 12:00:00,0.20595166
2025-04-24 13:00:00,0.060041808
2025-04-24 14:00:00,-0.081596576
2025-04-24 15:00:00,-0.15314668
2025-04-24 16:00:00,-0.0979122
2025-04-24 17:00:00,0.076805435
2025-04-24 18:00:00,0.28580782
2025-04-24 19:00:00,0.4689139
2025-04-24 20:00:00,0.6066975
2025-04-24 21:00:00,0.6467022
2025-04-24 22:00:00,0.58352154
2025-04-24 23:00:00,0.4590155
2025-04-25 00:00:00,0.31360584
2025-04-25 01:00:00,0.15938416
2025-04-25 02:00:00,-0.006539147
2025-04-25 03:00:00,-0.14929184
2025-04-25 04:00:00,-0.17779727
2025-04-25 05:00:00,-0.080149435
2025-04-25 06:00:00,0.13323642
2025-04-25 07:00:00,0.36385337
2025-04-25 08:00:00,0.55102944
2025-04-25 09:00:00,0.6643685
2025-04-25 10:00:00,0.66773915
2025-04-25 11:00:00,0.574484
2025-04-25 12:00:00,0.4387369
2025-04-25 13:00:00,0.28766376
2025-04-25 14:00:00,0.12811889
2025-04-25 15:00:00,-0.035739247
2025-04-25 16:00:00,-0.118843816
2025-04-25 17:00:00,-0.055216067
2025-04-25 18:00:00,0.1397746
2025-04-25 19:00:00,0.37632135
2025-04-25 20:00:00,0.57612765
2025-04-25 21:00:00,0.70204717
2025-04-25 22:00:00,0.71947676
2025-04-25 23:00:00,0.6254065
2025-04-26 00:00:00,0.48439303
2025-04-26 01:00:00,0.3277259
2025-04-26 02:00:00,0.16184303
2025-04-26 03:00:00,-0.011176387
2025-04-26 04:00:00,-0.14835416
2025-04-26 05:00:00,-0.13992664
2025-04-26 06:00:00,0.0044841934
2025-04-26 07:00:00,0.26590598
2025-04-26 08:00:00,0.51688576
2025-04-26 09:00:00,0.70457405
2025-04-26 10:00:00,0.7988975
2025-04-26 11:00:00,0.76172423
2025-04-26 12:00:00,0.6363301
2025-04-26 13:00:00,0.48245353
2025-04-26 14:00:00,0.31694573
2025-04-26 15:00:00,0.14227568
2025-04-26 16:00:00,-0.030456485
2025-04-26 17:00:00,-0.10513899
2025-04-26 18:00:00,-0.028527612
2025-04-26 19:00:00,0.1893243
2025-04-26 20:00:00,0.44610515
2025-04-26 21:00:00,0.64401156
2025-04-26 22:00:00,0.7439165
2025-04-26 23:00:00,0.73207784
2025-04-27 00:00:00,0.613465
2025-04-27 01:00:00,0.46158218
2025-04-27 02:00:00,0.29914632
2025-04-27 03:00:00,0.12692456
2025-04-27 04:00:00,-0.045972575
2025-04-27 05:00:00,-0.15949051
2025-04-27 06:00:00,-0.1134998
2025-04-27 07:00:00,0.07412856
2025-04-27 08:00:00,0.35940823
2025-04-27 09:00:00,0.6188088
2025-04-27 10:00:00,0.8016979
2025-04-27 11:00:00,0.8721494
2025-04-27 12:00:00,0.80575347
2025-04-27 13:00:00,0.6600795
2025-04-27 14:00:00,0.49808055
2025-04-27 15:00:00,0.32089734
2025-04-27 16:00:00,0.13803767
2025-04-27 17:00:00,-0.029175736
2025-04-27 18:00:00,-0.05812173
2025-04-27 19:00:00,0.05278333
2025-04-27 20:00:00,0.30971456
2025-04-27 21:00:00,0.56592184
2025-04-27 22:00:00,0.73879516
2025-04-27 23:00:00,0.80307686
2025-04-28 00:00:00,0.7426647
2025-04-28 01:00:00,0.6017071
2025-04-28 02:00:00,0.43776768
2025-04-28 03:00:00,0.2680217
2025-04-28 04:00:00,0.08871641
2025-04-28 05:00:00,-0.07957258
2025-04-28 06:00:00,-0.15423597
2025-04-28 07:00:00,-0.06679376
2025-04-28 08:00:00,0.17713697
2025-04-28 09:00:00,0.4837001
2025-04-28 10:00:00,0.7357014
2025-04-28 11:00:00,0.90701324
2025-04-28 12:00:00,0.93861485
2025-04-28 13:00:00,0.8393911
2025-04-28 14:00:00,0.6844642
2025-04-28 15:00:00,0.51085687
2025-04-28 16:00:00,0.32420748
2025-04-28 17:00:00,0.1348598
2025-04-28 18:00:00,-0.03001926
2025-04-28 19:00:00,-0.046863396
2025-04-28 20:00:00,0.05557886
2025-04-28 21:00:00,0.29726088
2025-04-28 22:00:00,0.52776736
2025-04-28 23:00:00,0.6478459
2025-04-29 00:00:00,0.66157734
2025-04-29 01:00:00,0.57329786
2025-04-29 02:00:00,0.43966436
2025-04-29 03:00:00,0.28789306
2025-04-29 04:00:00,0.12226278
2025-04-29 05:00:00,-0.051691283
2025-04-29 06:00:00,-0.19859384
2025-04-29 07:00:00,-0.21528871
2025-04-29 08:00:00,-0.080525614
2025-04-29 09:00:00,0.20988174
2025-04-29 10:00:00,0.51838857
2025-04-29 11:00:00,0.75395006
2025-04-29 12:00:00,0.88504803
2025-04-29 13:00:00,0.86376107
2025-04-29 14:00:00,0.7390323
2025-04-29 15:00:00,0.5772626
2025-04-29 16:00:00,0.39650935
2025-04-29 17:00:00,0.21119668
2025-04-29 18:00:00,0.025665939
